Date,Product Name,Quantity Sold,Sale Price,Total Sale Value
12-07-2024,Gas Stove (large),1.0,2133.22,2133.22
05/25/2024,Gas Stove (large),-1.0,,
01/29/2024,Electric Kettle,2.0,2405.17,4810.34
06/29/2024,Hand Blender (small),5.0,1262.97,6314.85
10/22/2023,Stainless Steel Kadhai Pro,3.0,1693.37,5080.11
11/24/2023,Stainless Steel Kadhai Pro,5.0,1975.42,9877.1
05-12-2024,Toaster Deluxe,1.0,1069.33,1069.33
11/24/2023,Gas Stove (large),3.0,1864.17,5592.51
2025-02-12,Gas Stove (large),3.0,2377.92,7133.76
2024-07-12,Non-stick Tawa (small),1.0,2217.86,2217.86
03-04-2024,Electric Kettle,3.0,1701.25,5103.75
2023-09-24,Utensil SetInd. Cooktop,3.0,687.77,2063.31
04/01/2025,Stainless Steel Kadhai Pro,1.0,2454.33,2454.33
19-01-2025,Utensil SetInd. Cooktop,-1.0,,
12/08/2024,Non-stick Tawa (small),-1.0,,
10-07-2023,Pressure Cooker Deluxe,1.0,1326.13,1326.13
07-11-2024,Hand Blender (small),2.0,1471.82,2943.64
2025-03-05,Utensil SetInd. Cooktop,10.0,581.25,5812.5
02-06-2023,Gas Stove (large),1.0,539.84,539.84
2024-12-10,Mixer Grinder Pro,10.0,1862.6,18626.0
08/13/2024,Induction Cooktop Deluxe,2.0,2004.12,4008.24
09/13/2024,Non-stick Tawa (small),2.0,1598.53,3197.06
2023-06-24,Electric Kettle,-1.0,,
10/20/2023,Hand Blender (small),-1.0,,
2025-05-27,Mixer Grinder Pro,10.0,1129.32,11293.2
24-08-2023,Stainless Steel Kadhai Pro,5.0,1545.92,7729.6
20-06-2023,Induction Cooktop Deluxe,-1.0,,
29-09-2023,Gas Stove (large),-1.0,,
07/02/2023,Stainless Steel Kadhai Pro,3.0,1077.2,3231.6
2025-01-07,Induction Cooktop Deluxe,10.0,522.41,5224.1
01/13/2024,Mixer Grinder Pro,5.0,535.03,2675.15
09/22/2024,Stainless Steel Kadhai Pro,10.0,450.73,4507.3
06-07-2024,Utensil SetInd. Cooktop,2.0,748.51,1497.02
2023-09-08,Utensil SetInd. Cooktop,5.0,1202.63,6013.15
11/30/2023,Utensil SetInd. Cooktop,1.0,1083.06,1083.06
2025-01-20,Utensil SetInd. Cooktop,5.0,611.85,3059.25
2025-03-21,Utensil SetInd. Cooktop,2.0,2023.82,4047.64
12/07/2024,Induction Cooktop Deluxe,5.0,1153.81,5769.05
02/02/2024,Induction Cooktop Deluxe,1.0,631.12,631.12
29-05-2025,Pressure Cooker Deluxe,3.0,827.08,2481.24
2023-09-25,Pressure Cooker Deluxe,3.0,623.88,1871.64
06/04/2023,Toaster Deluxe,10.0,1877.01,18770.1
30-04-2024,Toaster Deluxe,5.0,1880.32,9401.6
2023-10-15,Toaster Deluxe,-1.0,,
20-08-2024,Pressure Cooker Deluxe,3.0,986.09,2958.27
2024-08-21,Non-stick Tawa (small),5.0,1543.35,7716.75
2024-08-14,Utensil SetInd. Cooktop,3.0,611.6,1834.8
01/17/2024,Toaster Deluxe,5.0,1683.57,8417.85
03-05-2025,Stainless Steel Kadhai Pro,3.0,1034.2,3102.6
31-08-2023,Induction Cooktop Deluxe,5.0,2408.69,12043.45
2023-12-21,Toaster Deluxe,2.0,2209.72,4419.44
09/18/2023,Utensil SetInd. Cooktop,-1.0,,
23-02-2024,Gas Stove (large),1.0,2340.02,2340.02
04/16/2024,Mixer Grinder Pro,1.0,1681.34,1681.34
2024-09-20,Mixer Grinder Pro,10.0,2311.73,23117.3
2023-09-11,Toaster Deluxe,2.0,1125.3,2250.6
12-07-2024,Hand Blender (small),2.0,1739.53,3479.06
2024-06-12,Non-stick Tawa (small),3.0,426.07,1278.21
2023-08-13,Pressure Cooker Deluxe,2.0,2017.92,4035.84
23-06-2024,Non-stick Tawa (small),3.0,450.53,1351.59
04/11/2024,Pressure Cooker Deluxe,1.0,416.03,416.03
2023-11-05,Hand Blender (small),2.0,2334.93,4669.86
2024-12-20,Induction Cooktop Deluxe,3.0,2400.42,7201.26
12/23/2023,Toaster Deluxe,5.0,394.85,1974.25
2025-03-19,Gas Stove (large),2.0,1779.35,3558.7
04-02-2025,Induction Cooktop Deluxe,10.0,1211.22,12112.2
2024-10-19,Hand Blender (small),-1.0,,
2024-06-10,Mixer Grinder Pro,1.0,2460.39,2460.39
11/09/2023,Utensil SetInd. Cooktop,3.0,1627.09,4881.27
01/19/2024,Induction Cooktop Deluxe,5.0,2030.98,10154.9
29-09-2024,Mixer Grinder Pro,10.0,1866.04,18660.4
07/27/2024,Mixer Grinder Pro,3.0,2127.79,6383.37
11/18/2024,Induction Cooktop Deluxe,-1.0,,
10-11-2023,Pressure Cooker Deluxe,2.0,1489.6,2979.2
02-08-2024,Pressure Cooker Deluxe,-1.0,,
2023-07-05,Toaster Deluxe,5.0,2478.57,12392.85
03/20/2024,Gas Stove (large),3.0,2033.0,6099.0
02/27/2025,Pressure Cooker Deluxe,5.0,2343.21,11716.05
10/03/2024,Mixer Grinder Pro,5.0,946.48,4732.4
2025-05-25,Hand Blender (small),1.0,1282.62,1282.62
2024-01-15,Electric Kettle,2.0,373.66,747.32
04-10-2024,Utensil SetInd. Cooktop,-1.0,,
02/01/2025,Pressure Cooker Deluxe,10.0,2220.5,22205.0
28-06-2024,Hand Blender (small),3.0,1861.34,5584.02
08-07-2024,Gas Stove (large),5.0,1619.28,8096.4
13-11-2024,Non-stick Tawa (small),5.0,1764.53,8822.65
09/19/2023,Electric Kettle,5.0,835.74,4178.7
02/27/2025,Utensil SetInd. Cooktop,2.0,1693.31,3386.62
2024-12-23,Toaster Deluxe,2.0,969.28,1938.56
03/18/2025,Hand Blender (small),-1.0,,
02-09-2023,Hand Blender (small),1.0,1789.06,1789.06
2024-01-29,Mixer Grinder Pro,-1.0,,
2024-01-31,Toaster Deluxe,1.0,2274.11,2274.11
09/28/2023,Mixer Grinder Pro,1.0,1296.84,1296.84
08/20/2024,Utensil SetInd. Cooktop,10.0,871.55,8715.5
02/22/2025,Non-stick Tawa (small),5.0,2034.52,10172.6
03-04-2024,Mixer Grinder Pro,-1.0,,
2024-05-19,Stainless Steel Kadhai Pro,5.0,1535.61,7678.05
02/20/2025,Toaster Deluxe,1.0,1278.0,1278.0
2024-03-06,Hand Blender (small),3.0,1513.25,4539.75
2024-04-19,Induction Cooktop Deluxe,10.0,1811.24,18112.4
01/10/2024,Stainless Steel Kadhai Pro,3.0,1940.36,5821.08
2023-10-24,Toaster Deluxe,10.0,1281.76,12817.6
08/24/2024,Mixer Grinder Pro,3.0,1993.28,5979.84
31-12-2023,Mixer Grinder Pro,3.0,2320.9,6962.7
04/11/2025,Toaster Deluxe,1.0,897.13,897.13
2023-11-19,Mixer Grinder Pro,5.0,934.76,4673.8
2023-11-04,Stainless Steel Kadhai Pro,-1.0,,
12/10/2023,Gas Stove (large),3.0,1151.95,3455.85
2024-12-07,Electric Kettle,3.0,1107.37,3322.11
04/08/2024,Non-stick Tawa (small),5.0,1981.75,9908.75
2023-12-07,Stainless Steel Kadhai Pro,5.0,1120.85,5604.25
28-08-2023,Utensil SetInd. Cooktop,2.0,770.21,1540.42
02/01/2024,Utensil SetInd. Cooktop,10.0,1967.53,19675.3
2025-02-25,Toaster Deluxe,-1.0,,
13-02-2024,Utensil SetInd. Cooktop,10.0,1537.69,15376.9
01-09-2023,Pressure Cooker Deluxe,1.0,558.97,558.97
19-04-2024,Induction Cooktop Deluxe,2.0,1693.81,3387.62
2024-05-05,Non-stick Tawa (small),2.0,1222.49,2444.98
24-03-2025,Pressure Cooker Deluxe,3.0,1338.0,4014.0
2025-03-27,Gas Stove (large),-1.0,,
11/12/2023,Gas Stove (large),-1.0,,
2024-08-27,Non-stick Tawa (small),3.0,1363.68,4091.04
22-10-2023,Gas Stove (large),1.0,2496.83,2496.83
02-09-2024,Gas Stove (large),5.0,2020.25,10101.25
2023-10-30,Stainless Steel Kadhai Pro,10.0,442.19,4421.9
03-10-2023,Gas Stove (large),1.0,995.37,995.37
20-05-2024,Pressure Cooker Deluxe,-1.0,,
11-07-2023,Induction Cooktop Deluxe,3.0,915.71,2747.13
2023-10-11,Toaster Deluxe,5.0,1759.14,8795.7
16-08-2024,Utensil SetInd. Cooktop,-1.0,,
2024-06-01,Gas Stove (large),5.0,1098.95,5494.75
06/20/2023,Induction Cooktop Deluxe,1.0,1122.75,1122.75
16-09-2024,Toaster Deluxe,1.0,340.22,340.22
22-10-2024,Pressure Cooker Deluxe,-1.0,,
03/28/2024,Toaster Deluxe,5.0,1395.81,6979.05
08/07/2024,Pressure Cooker Deluxe,5.0,607.67,3038.35
07-03-2025,Pressure Cooker Deluxe,10.0,339.0,3390.0
2024-08-14,Electric Kettle,10.0,1397.02,13970.2
2024-11-17,Electric Kettle,10.0,349.38,3493.8
11-07-2024,Non-stick Tawa (small),-1.0,,
04-05-2025,Pressure Cooker Deluxe,2.0,1153.98,2307.96
07/16/2023,Toaster Deluxe,-1.0,,
10/13/2024,Utensil SetInd. Cooktop,-1.0,,
04/26/2025,Gas Stove (large),3.0,854.12,2562.36
2023-08-02,Mixer Grinder Pro,5.0,2272.06,11360.3
14-08-2023,Induction Cooktop Deluxe,-1.0,,
28-11-2024,Toaster Deluxe,1.0,2428.86,2428.86
04-12-2024,Mixer Grinder Pro,3.0,1364.56,4093.68
2023-12-12,Mixer Grinder Pro,2.0,1318.27,2636.54
2025-04-08,Electric Kettle,1.0,1087.27,1087.27
07/22/2024,Induction Cooktop Deluxe,5.0,1842.22,9211.1
09/18/2023,Non-stick Tawa (small),5.0,503.09,2515.45
09/27/2024,Non-stick Tawa (small),10.0,2179.6,21796.0
11/02/2023,Utensil SetInd. Cooktop,5.0,2238.88,11194.4
2025-01-17,Mixer Grinder Pro,5.0,1442.37,7211.85
02/25/2025,Stainless Steel Kadhai Pro,2.0,1287.09,2574.18
02/15/2025,Toaster Deluxe,-1.0,,
02/13/2024,Induction Cooktop Deluxe,2.0,1106.31,2212.62
28-06-2024,Mixer Grinder Pro,-1.0,,
22-02-2025,Pressure Cooker Deluxe,2.0,527.37,1054.74
2024-10-12,Hand Blender (small),3.0,2106.27,6318.81
2024-01-04,Utensil SetInd. Cooktop,3.0,2364.69,7094.07
03/19/2025,Induction Cooktop Deluxe,2.0,1548.72,3097.44
2023-12-03,Electric Kettle,-1.0,,
2023-10-24,Pressure Cooker Deluxe,2.0,1521.39,3042.78
2023-09-29,Gas Stove (large),10.0,2412.03,24120.3
11/24/2023,Gas Stove (large),-1.0,,
02-05-2025,Hand Blender (small),5.0,820.39,4101.95
2024-04-24,Pressure Cooker Deluxe,-1.0,,
08-07-2023,Utensil SetInd. Cooktop,2.0,325.47,650.94
2025-04-25,Electric Kettle,10.0,1288.72,12887.2
21-07-2023,Electric Kettle,3.0,950.33,2850.99
09/27/2023,Toaster Deluxe,2.0,653.14,1306.28
15-08-2024,Electric Kettle,3.0,1856.02,5568.06
12-09-2023,Pressure Cooker Deluxe,-1.0,,
27-03-2025,Electric Kettle,2.0,1043.21,2086.42
04-07-2024,Electric Kettle,10.0,1079.13,10791.3
2024-08-19,Gas Stove (large),-1.0,,
2023-12-14,Non-stick Tawa (small),5.0,2033.37,10166.85
28-01-2025,Induction Cooktop Deluxe,-1.0,,
22-07-2023,Toaster Deluxe,10.0,2124.08,21240.8
06/18/2024,Pressure Cooker Deluxe,2.0,1987.13,3974.26
12-08-2024,Induction Cooktop Deluxe,5.0,2485.73,12428.65
12/17/2024,Hand Blender (small),3.0,677.4,2032.2
2024-07-31,Electric Kettle,5.0,2482.69,12413.45
2024-09-22,Electric Kettle,1.0,1790.23,1790.23
03/16/2025,Hand Blender (small),-1.0,,
02/12/2025,Pressure Cooker Deluxe,10.0,1239.83,12398.3
10/20/2024,Non-stick Tawa (small),10.0,2296.08,22960.8
2024-10-08,Induction Cooktop Deluxe,-1.0,,
12-04-2024,Utensil SetInd. Cooktop,-1.0,,
23-10-2023,Toaster Deluxe,1.0,1854.01,1854.01
01-07-2023,Stainless Steel Kadhai Pro,10.0,892.33,8923.3
2023-08-24,Gas Stove (large),3.0,1912.03,5736.09
18-11-2024,Gas Stove (large),1.0,2004.66,2004.66
06/15/2024,Utensil SetInd. Cooktop,2.0,789.92,1579.84
04/10/2024,Induction Cooktop Deluxe,3.0,1610.54,4831.62
2024-08-09,Gas Stove (large),5.0,986.93,4934.65
07/06/2023,Induction Cooktop Deluxe,10.0,591.22,5912.2
28-12-2023,Gas Stove (large),-1.0,,
24-06-2024,Induction Cooktop Deluxe,1.0,2426.78,2426.78
16-02-2025,Mixer Grinder Pro,-1.0,,
2024-10-09,Induction Cooktop Deluxe,2.0,654.6,1309.2
24-03-2025,Utensil SetInd. Cooktop,2.0,1794.61,3589.22
2024-05-14,Induction Cooktop Deluxe,10.0,2256.56,22565.6
2023-10-14,Non-stick Tawa (small),10.0,1743.32,17433.2
2024-06-15,Hand Blender (small),-1.0,,
11/10/2023,Mixer Grinder Pro,2.0,1243.73,2487.46
11/30/2023,Pressure Cooker Deluxe,1.0,1649.37,1649.37
05/25/2025,Pressure Cooker Deluxe,1.0,1586.7,1586.7
2024-10-19,Stainless Steel Kadhai Pro,2.0,2040.81,4081.62
19-05-2025,Gas Stove (large),2.0,1993.64,3987.28
02/02/2024,Gas Stove (large),3.0,1337.75,4013.25
2024-04-14,Toaster Deluxe,3.0,679.53,2038.59
21-06-2024,Non-stick Tawa (small),3.0,2056.97,6170.91
30-05-2024,Toaster Deluxe,2.0,1643.48,3286.96
09/01/2024,Induction Cooktop Deluxe,2.0,1997.18,3994.36
2025-04-06,Toaster Deluxe,-1.0,,
11/06/2023,Stainless Steel Kadhai Pro,10.0,999.86,9998.6
19-03-2024,Stainless Steel Kadhai Pro,3.0,1281.91,3845.73
2024-06-03,Hand Blender (small),5.0,2289.09,11445.45
28-05-2024,Stainless Steel Kadhai Pro,3.0,772.44,2317.32
2024-02-05,Toaster Deluxe,10.0,1215.01,12150.1
21-11-2024,Stainless Steel Kadhai Pro,5.0,586.35,2931.75
09/22/2024,Gas Stove (large),2.0,451.08,902.16
03/03/2024,Pressure Cooker Deluxe,1.0,2463.37,2463.37
2024-04-14,Toaster Deluxe,10.0,1682.84,16828.4
07/24/2023,Gas Stove (large),3.0,361.53,1084.59
2025-01-25,Non-stick Tawa (small),-1.0,,
06/13/2023,Utensil SetInd. Cooktop,10.0,898.15,8981.5
16-05-2024,Induction Cooktop Deluxe,1.0,2157.26,2157.26
2024-11-26,Pressure Cooker Deluxe,5.0,1239.72,6198.6
01-07-2023,Hand Blender (small),3.0,2457.23,7371.69
2023-07-30,Utensil SetInd. Cooktop,1.0,1091.4,1091.4
10-08-2024,Non-stick Tawa (small),10.0,1401.28,14012.8
12/03/2024,Gas Stove (large),2.0,763.19,1526.38
08/24/2024,Gas Stove (large),-1.0,,
11/11/2024,Utensil SetInd. Cooktop,5.0,1844.61,9223.05
19-11-2024,Electric Kettle,1.0,2469.78,2469.78
2024-08-11,Mixer Grinder Pro,1.0,420.85,420.85
09-05-2024,Hand Blender (small),1.0,2335.61,2335.61
2023-12-29,Non-stick Tawa (small),2.0,2423.65,4847.3
07/25/2024,Pressure Cooker Deluxe,2.0,873.07,1746.14
04/29/2025,Hand Blender (small),1.0,1337.77,1337.77
2023-08-14,Gas Stove (large),2.0,1109.57,2219.14
04/16/2024,Utensil SetInd. Cooktop,3.0,2335.76,7007.28
10/12/2023,Electric Kettle,10.0,1803.7,18037.0
04/20/2025,Stainless Steel Kadhai Pro,5.0,2187.7,10938.5
09/28/2024,Hand Blender (small),-1.0,,
08/01/2024,Mixer Grinder Pro,3.0,2369.03,7107.09
02/29/2024,Stainless Steel Kadhai Pro,-1.0,,
2024-12-07,Hand Blender (small),5.0,718.37,3591.85
23-08-2023,Toaster Deluxe,-1.0,,
2025-01-28,Toaster Deluxe,5.0,1216.63,6083.15
2023-06-25,Hand Blender (small),1.0,1879.56,1879.56
09-11-2024,Induction Cooktop Deluxe,1.0,1925.17,1925.17
25-03-2024,Mixer Grinder Pro,3.0,2214.61,6643.83
07/20/2024,Mixer Grinder Pro,3.0,709.29,2127.87
07-01-2025,Induction Cooktop Deluxe,2.0,1146.67,2293.34
2024-03-15,Induction Cooktop Deluxe,2.0,1643.64,3287.28
2024-08-10,Hand Blender (small),-1.0,,
03/20/2024,Non-stick Tawa (small),5.0,338.18,1690.9
2024-07-17,Stainless Steel Kadhai Pro,2.0,855.15,1710.3
04/24/2025,Utensil SetInd. Cooktop,10.0,2145.34,21453.4
2025-01-08,Stainless Steel Kadhai Pro,-1.0,,
2024-11-20,Hand Blender (small),2.0,2347.66,4695.32
06/11/2024,Non-stick Tawa (small),2.0,1060.77,2121.54
2023-10-14,Induction Cooktop Deluxe,10.0,1161.91,11619.1
12-05-2025,Induction Cooktop Deluxe,-1.0,,
2023-10-18,Stainless Steel Kadhai Pro,1.0,1467.26,1467.26
12/01/2024,Electric Kettle,3.0,1645.74,4937.22
2024-11-20,Stainless Steel Kadhai Pro,2.0,1611.51,3223.02
2024-08-19,Pressure Cooker Deluxe,2.0,1209.92,2419.84
28-06-2023,Induction Cooktop Deluxe,5.0,508.8,2544.0
04-09-2023,Non-stick Tawa (small),2.0,638.0,1276.0
2023-08-29,Stainless Steel Kadhai Pro,10.0,1883.11,18831.1
09/12/2023,Induction Cooktop Deluxe,3.0,1011.5,3034.5
2025-01-26,Electric Kettle,10.0,2208.46,22084.6
05/26/2024,Non-stick Tawa (small),10.0,2245.32,22453.2
2024-04-28,Utensil SetInd. Cooktop,1.0,1592.5,1592.5
05/29/2024,Non-stick Tawa (small),1.0,393.69,393.69
19-12-2024,Non-stick Tawa (small),10.0,2497.62,24976.2
2024-02-21,Electric Kettle,2.0,2400.9,4801.8
18-07-2024,Pressure Cooker Deluxe,2.0,862.59,1725.18
2024-01-25,Non-stick Tawa (small),10.0,490.85,4908.5
29-06-2023,Toaster Deluxe,1.0,2341.55,2341.55
2024-03-21,Hand Blender (small),1.0,2435.9,2435.9
2023-10-31,Electric Kettle,1.0,829.79,829.79
2023-09-16,Mixer Grinder Pro,-1.0,,
09/02/2023,Induction Cooktop Deluxe,1.0,1586.88,1586.88
2024-01-29,Utensil SetInd. Cooktop,3.0,308.38,925.14
2025-03-19,Pressure Cooker Deluxe,-1.0,,
05/12/2025,Non-stick Tawa (small),-1.0,,
09/16/2024,Electric Kettle,3.0,1932.87,5798.61
25-11-2023,Toaster Deluxe,3.0,2075.37,6226.11
07/05/2024,Toaster Deluxe,3.0,1084.27,3252.81
03-04-2025,Induction Cooktop Deluxe,2.0,1140.97,2281.94
2024-11-18,Pressure Cooker Deluxe,1.0,1574.01,1574.01
11/22/2023,Stainless Steel Kadhai Pro,2.0,1677.35,3354.7
02/07/2025,Stainless Steel Kadhai Pro,-1.0,,
05/21/2025,Utensil SetInd. Cooktop,-1.0,,
2023-10-06,Mixer Grinder Pro,10.0,2438.04,24380.4
26-10-2024,Mixer Grinder Pro,-1.0,,
21-02-2025,Utensil SetInd. Cooktop,10.0,1099.49,10994.9
08/11/2024,Mixer Grinder Pro,-1.0,,
08/17/2023,Gas Stove (large),1.0,375.17,375.17
08/25/2024,Utensil SetInd. Cooktop,10.0,2160.16,21601.6
04/04/2024,Utensil SetInd. Cooktop,1.0,966.39,966.39
03/17/2025,Hand Blender (small),1.0,715.19,715.19
21-04-2025,Hand Blender (small),1.0,1327.6,1327.6
11/04/2024,Stainless Steel Kadhai Pro,2.0,428.22,856.44
12/05/2024,Hand Blender (small),3.0,1003.02,3009.06
23-01-2024,Mixer Grinder Pro,5.0,2445.89,12229.45
26-11-2023,Pressure Cooker Deluxe,3.0,1590.5,4771.5
2025-05-31,Electric Kettle,2.0,1548.15,3096.3
2024-02-16,Gas Stove (large),3.0,424.8,1274.4
29-05-2024,Stainless Steel Kadhai Pro,10.0,2469.27,24692.7
2024-01-14,Electric Kettle,1.0,2331.38,2331.38
2025-05-17,Stainless Steel Kadhai Pro,-1.0,,
05/13/2025,Non-stick Tawa (small),5.0,1007.58,5037.9
04-08-2023,Toaster Deluxe,1.0,1625.71,1625.71
2023-11-09,Induction Cooktop Deluxe,-1.0,,
30-08-2024,Stainless Steel Kadhai Pro,1.0,2387.02,2387.02
09/20/2024,Utensil SetInd. Cooktop,10.0,1769.63,17696.3
17-11-2023,Electric Kettle,10.0,502.42,5024.2
04/02/2024,Electric Kettle,3.0,1024.6,3073.8
26-05-2024,Induction Cooktop Deluxe,3.0,922.79,2768.37
2024-02-09,Non-stick Tawa (small),10.0,897.6,8976.0
10/02/2024,Pressure Cooker Deluxe,1.0,1057.52,1057.52
02/08/2025,Hand Blender (small),3.0,993.6,2980.8
07/10/2024,Mixer Grinder Pro,3.0,1182.21,3546.63
2025-05-25,Hand Blender (small),2.0,1341.09,2682.18
2023-09-03,Stainless Steel Kadhai Pro,-1.0,,
16-12-2023,Gas Stove (large),10.0,1768.5,17685.0
06-08-2024,Mixer Grinder Pro,10.0,760.42,7604.2
01/19/2025,Utensil SetInd. Cooktop,2.0,420.13,840.26
15-10-2024,Non-stick Tawa (small),-1.0,,
25-09-2024,Utensil SetInd. Cooktop,1.0,442.54,442.54
2025-05-14,Hand Blender (small),10.0,1758.98,17589.8
2024-10-07,Gas Stove (large),3.0,1404.34,4213.02
01/09/2024,Gas Stove (large),2.0,1280.42,2560.84
07/26/2024,Electric Kettle,5.0,1554.57,7772.85
12/25/2023,Hand Blender (small),3.0,826.44,2479.32
31-07-2023,Utensil SetInd. Cooktop,1.0,674.67,674.67
2025-02-16,Toaster Deluxe,-1.0,,
2023-12-22,Gas Stove (large),1.0,1139.01,1139.01
14-07-2023,Hand Blender (small),3.0,1788.86,5366.58
01-11-2024,Utensil SetInd. Cooktop,1.0,1040.55,1040.55
06/16/2023,Hand Blender (small),5.0,700.79,3503.95
06-06-2023,Gas Stove (large),3.0,1039.79,3119.37
03/05/2025,Hand Blender (small),2.0,1899.65,3799.3
13-02-2024,Utensil SetInd. Cooktop,3.0,1043.23,3129.69
09-01-2025,Utensil SetInd. Cooktop,10.0,889.32,8893.2
09/24/2023,Utensil SetInd. Cooktop,2.0,1880.52,3761.04
2024-03-06,Pressure Cooker Deluxe,3.0,339.38,1018.14
2024-03-02,Non-stick Tawa (small),3.0,438.93,1316.79
2024-12-01,Utensil SetInd. Cooktop,-1.0,,
2023-12-30,Electric Kettle,-1.0,,
05/23/2025,Non-stick Tawa (small),-1.0,,
07/06/2024,Stainless Steel Kadhai Pro,2.0,1176.24,2352.48
11/11/2023,Gas Stove (large),1.0,1177.88,1177.88
05/12/2025,Utensil SetInd. Cooktop,10.0,1541.34,15413.4
2024-12-27,Gas Stove (large),10.0,2470.26,24702.6
12/01/2023,Non-stick Tawa (small),3.0,704.37,2113.11
2023-09-26,Pressure Cooker Deluxe,-1.0,,
06/19/2023,Toaster Deluxe,2.0,543.2,1086.4
20-05-2024,Pressure Cooker Deluxe,-1.0,,
2024-02-19,Toaster Deluxe,5.0,891.0,4455.0
2024-03-18,Gas Stove (large),10.0,858.83,8588.3
2023-08-07,Hand Blender (small),3.0,1144.03,3432.09
2023-09-17,Non-stick Tawa (small),2.0,1180.86,2361.72
2024-10-26,Gas Stove (large),1.0,1163.74,1163.74
05/22/2025,Mixer Grinder Pro,1.0,2384.23,2384.23
12-11-2023,Non-stick Tawa (small),3.0,553.55,1660.65
2024-03-03,Gas Stove (large),3.0,1394.46,4183.38
2024-02-16,Hand Blender (small),1.0,974.95,974.95
2024-11-19,Mixer Grinder Pro,1.0,2328.55,2328.55
10-04-2025,Mixer Grinder Pro,1.0,300.41,300.41
2025-05-27,Electric Kettle,3.0,2106.08,6318.24
07-02-2024,Electric Kettle,2.0,1413.78,2827.56
03-12-2024,Toaster Deluxe,3.0,2091.38,6274.14
2024-07-22,Stainless Steel Kadhai Pro,-1.0,,
30-07-2023,Mixer Grinder Pro,5.0,1021.56,5107.8
10/21/2023,Non-stick Tawa (small),3.0,1107.86,3323.58
09/08/2023,Utensil SetInd. Cooktop,3.0,788.44,2365.32
2024-06-28,Gas Stove (large),3.0,607.52,1822.56
03/13/2024,Hand Blender (small),2.0,593.38,1186.76
2023-10-19,Mixer Grinder Pro,-1.0,,
10/29/2023,Hand Blender (small),10.0,863.32,8633.2
2024-01-23,Induction Cooktop Deluxe,-1.0,,
2024-06-02,Electric Kettle,10.0,1627.65,16276.5
24-07-2023,Stainless Steel Kadhai Pro,-1.0,,
28-02-2024,Toaster Deluxe,1.0,2021.2,2021.2
01/21/2024,Induction Cooktop Deluxe,2.0,2409.41,4818.82
2024-03-26,Non-stick Tawa (small),-1.0,,
03-07-2023,Induction Cooktop Deluxe,10.0,458.3,4583.0
22-01-2025,Hand Blender (small),10.0,2071.13,20711.3
20-04-2024,Induction Cooktop Deluxe,5.0,1094.85,5474.25
2024-12-04,Induction Cooktop Deluxe,2.0,700.43,1400.86
2024-12-11,Pressure Cooker Deluxe,1.0,604.35,604.35
2024-04-08,Mixer Grinder Pro,1.0,1210.71,1210.71
2023-12-18,Stainless Steel Kadhai Pro,10.0,2426.99,24269.9
29-06-2024,Hand Blender (small),1.0,544.1,544.1
01-11-2024,Utensil SetInd. Cooktop,1.0,1157.44,1157.44
2024-10-20,Toaster Deluxe,2.0,1668.46,3336.92
11/03/2024,Hand Blender (small),-1.0,,
2024-03-31,Utensil SetInd. Cooktop,-1.0,,
08/06/2023,Pressure Cooker Deluxe,10.0,2048.86,20488.6
2023-12-14,Hand Blender (small),1.0,1842.28,1842.28
18-10-2024,Stainless Steel Kadhai Pro,-1.0,,
16-04-2024,Stainless Steel Kadhai Pro,1.0,1524.66,1524.66
12/06/2023,Gas Stove (large),5.0,1158.21,5791.05
2024-07-06,Utensil SetInd. Cooktop,2.0,389.97,779.94
10/28/2024,Pressure Cooker Deluxe,10.0,345.04,3450.4
2024-09-18,Electric Kettle,1.0,397.64,397.64
2023-06-24,Induction Cooktop Deluxe,2.0,1287.22,2574.44
04/24/2024,Stainless Steel Kadhai Pro,2.0,1866.17,3732.34
30-05-2025,Toaster Deluxe,5.0,2399.96,11999.8
30-08-2024,Non-stick Tawa (small),1.0,2166.91,2166.91
04/10/2025,Electric Kettle,3.0,415.69,1247.07
2023-07-20,Stainless Steel Kadhai Pro,2.0,548.02,1096.04
2024-08-15,Hand Blender (small),3.0,1192.7,3578.1
2024-10-14,Gas Stove (large),3.0,2348.31,7044.93
2023-11-05,Toaster Deluxe,3.0,488.85,1466.55
2024-01-16,Mixer Grinder Pro,-1.0,,
11/03/2024,Hand Blender (small),-1.0,,
08-07-2024,Electric Kettle,-1.0,,
07/10/2023,Gas Stove (large),10.0,1891.62,18916.2
2023-06-07,Non-stick Tawa (small),2.0,1610.25,3220.5
2023-12-04,Non-stick Tawa (small),5.0,364.22,1821.1
12/18/2024,Induction Cooktop Deluxe,1.0,1128.25,1128.25
18-10-2024,Induction Cooktop Deluxe,1.0,1565.05,1565.05
23-10-2023,Toaster Deluxe,1.0,1960.01,1960.01
24-11-2023,Induction Cooktop Deluxe,2.0,1392.61,2785.22
09-05-2024,Utensil SetInd. Cooktop,-1.0,,
09-02-2025,Utensil SetInd. Cooktop,10.0,1834.97,18349.7
26-10-2024,Electric Kettle,3.0,415.9,1247.7
2024-03-24,Gas Stove (large),2.0,2036.54,4073.08
2025-01-08,Gas Stove (large),10.0,756.91,7569.1
02/06/2025,Mixer Grinder Pro,2.0,422.42,844.84
09/06/2023,Induction Cooktop Deluxe,5.0,875.87,4379.35
2025-01-21,Electric Kettle,5.0,2226.48,11132.4
09-10-2024,Pressure Cooker Deluxe,1.0,2275.84,2275.84
08/20/2024,Non-stick Tawa (small),3.0,468.35,1405.05
2024-01-09,Utensil SetInd. Cooktop,-1.0,,
23-07-2023,Utensil SetInd. Cooktop,3.0,621.57,1864.71
2023-08-18,Mixer Grinder Pro,-1.0,,
05/07/2025,Hand Blender (small),10.0,1762.7,17627.0
2023-10-06,Non-stick Tawa (small),10.0,2337.46,23374.6
2023-08-27,Non-stick Tawa (small),2.0,1304.87,2609.74
05/03/2024,Stainless Steel Kadhai Pro,-1.0,,
2024-11-04,Gas Stove (large),3.0,1558.67,4676.01
02/06/2024,Gas Stove (large),-1.0,,
03/21/2024,Pressure Cooker Deluxe,3.0,2148.14,6444.42
31-07-2024,Utensil SetInd. Cooktop,10.0,695.12,6951.2
09/24/2024,Mixer Grinder Pro,5.0,1077.0,5385.0
07/27/2023,Toaster Deluxe,1.0,1376.34,1376.34
04-02-2025,Pressure Cooker Deluxe,3.0,1251.73,3755.19
08/06/2024,Utensil SetInd. Cooktop,5.0,1900.83,9504.15
08-01-2025,Gas Stove (large),3.0,1425.74,4277.22
28-12-2024,Mixer Grinder Pro,10.0,311.13,3111.3
2024-05-24,Induction Cooktop Deluxe,1.0,666.71,666.71
06-07-2023,Utensil SetInd. Cooktop,-1.0,,
26-09-2024,Stainless Steel Kadhai Pro,5.0,1474.42,7372.1
05-11-2023,Utensil SetInd. Cooktop,5.0,745.72,3728.6
16-08-2023,Toaster Deluxe,5.0,1775.27,8876.35
2024-07-28,Hand Blender (small),5.0,1466.34,7331.7
2023-07-06,Stainless Steel Kadhai Pro,10.0,1507.11,15071.1
04/21/2025,Hand Blender (small),1.0,1452.06,1452.06
17-03-2025,Pressure Cooker Deluxe,-1.0,,
14-04-2025,Induction Cooktop Deluxe,10.0,1787.53,17875.3
03/19/2025,Stainless Steel Kadhai Pro,10.0,1657.56,16575.6
11/03/2024,Electric Kettle,1.0,2455.06,2455.06
12/24/2024,Utensil SetInd. Cooktop,3.0,474.64,1423.92
11/18/2023,Pressure Cooker Deluxe,3.0,2357.36,7072.08
03/30/2024,Toaster Deluxe,2.0,1811.0,3622.0
11-06-2024,Pressure Cooker Deluxe,-1.0,,
26-06-2024,Hand Blender (small),5.0,685.72,3428.6
2023-12-26,Electric Kettle,-1.0,,
2025-03-22,Induction Cooktop Deluxe,1.0,2416.71,2416.71
04/12/2025,Non-stick Tawa (small),-1.0,,
02/12/2024,Hand Blender (small),10.0,1001.31,10013.1
05-11-2024,Utensil SetInd. Cooktop,10.0,494.73,4947.3
03-01-2025,Toaster Deluxe,3.0,2364.4,7093.2
02/13/2024,Toaster Deluxe,10.0,1453.82,14538.2
17-08-2024,Non-stick Tawa (small),5.0,1451.19,7255.95
10-11-2024,Mixer Grinder Pro,2.0,748.54,1497.08
2024-02-10,Pressure Cooker Deluxe,3.0,2182.51,6547.53
02/13/2024,Stainless Steel Kadhai Pro,-1.0,,
08-11-2024,Non-stick Tawa (small),3.0,2053.81,6161.43
24-12-2024,Mixer Grinder Pro,10.0,1936.14,19361.4
11/28/2024,Pressure Cooker Deluxe,2.0,2461.76,4923.52
02-12-2024,Hand Blender (small),1.0,522.23,522.23
06/19/2023,Gas Stove (large),10.0,959.41,9594.1
30-10-2024,Utensil SetInd. Cooktop,2.0,2109.08,4218.16
27-08-2024,Induction Cooktop Deluxe,-1.0,,
19-05-2024,Toaster Deluxe,-1.0,,
19-05-2024,Stainless Steel Kadhai Pro,1.0,2020.95,2020.95
2024-08-13,Induction Cooktop Deluxe,-1.0,,
05/16/2024,Non-stick Tawa (small),-1.0,,
2023-07-12,Pressure Cooker Deluxe,10.0,1337.55,13375.5
08/19/2023,Electric Kettle,1.0,510.35,510.35
08/17/2024,Utensil SetInd. Cooktop,3.0,1430.44,4291.32
2023-06-02,Non-stick Tawa (small),-1.0,,
2024-01-02,Induction Cooktop Deluxe,5.0,1540.73,7703.65
2024-03-01,Pressure Cooker Deluxe,3.0,1688.74,5066.22
2024-11-19,Toaster Deluxe,10.0,2293.9,22939.0
06/18/2023,Electric Kettle,3.0,523.39,1570.17
26-07-2024,Stainless Steel Kadhai Pro,3.0,1183.82,3551.46
04/04/2024,Pressure Cooker Deluxe,-1.0,,
04-08-2023,Hand Blender (small),2.0,1375.62,2751.24
09-05-2025,Gas Stove (large),10.0,698.84,6988.4
2024-04-13,Electric Kettle,10.0,534.15,5341.5
11/03/2024,Utensil SetInd. Cooktop,5.0,1210.44,6052.2
2024-03-11,Utensil SetInd. Cooktop,10.0,2119.8,21198.0
10-12-2023,Toaster Deluxe,1.0,406.55,406.55
06/22/2024,Induction Cooktop Deluxe,1.0,2390.26,2390.26
01-10-2023,Electric Kettle,10.0,431.28,4312.8
15-06-2023,Non-stick Tawa (small),1.0,1143.26,1143.26
2025-05-16,Electric Kettle,-1.0,,
09/05/2024,Induction Cooktop Deluxe,10.0,959.41,9594.1
11-05-2025,Gas Stove (large),1.0,482.49,482.49
2023-07-24,Mixer Grinder Pro,2.0,891.32,1782.64
2025-05-25,Toaster Deluxe,3.0,1039.2,3117.6
23-10-2023,Gas Stove (large),5.0,650.54,3252.7
2023-12-11,Stainless Steel Kadhai Pro,3.0,1956.07,5868.21
02-02-2025,Electric Kettle,2.0,1418.54,2837.08
2023-11-26,Hand Blender (small),10.0,1953.9,19539.0
2023-11-27,Electric Kettle,5.0,1504.6,7523.0
2023-07-08,Utensil SetInd. Cooktop,5.0,519.18,2595.9
11/29/2024,Induction Cooktop Deluxe,5.0,1263.75,6318.75
12-03-2025,Hand Blender (small),1.0,387.13,387.13
2025-05-11,Mixer Grinder Pro,3.0,1205.03,3615.09
19-07-2023,Induction Cooktop Deluxe,1.0,1117.03,1117.03
2024-05-09,Pressure Cooker Deluxe,1.0,2418.27,2418.27
2023-12-17,Utensil SetInd. Cooktop,-1.0,,
24-07-2023,Mixer Grinder Pro,10.0,1846.31,18463.1
2025-02-22,Electric Kettle,-1.0,,
02/08/2025,Pressure Cooker Deluxe,5.0,1900.28,9501.4
07/25/2024,Non-stick Tawa (small),5.0,590.51,2952.55
10/16/2024,Pressure Cooker Deluxe,10.0,2076.78,20767.8
07/01/2024,Toaster Deluxe,5.0,556.08,2780.4
07/06/2023,Toaster Deluxe,-1.0,,
02/13/2024,Induction Cooktop Deluxe,2.0,2466.91,4933.82
05/04/2024,Toaster Deluxe,-1.0,,
26-11-2023,Pressure Cooker Deluxe,3.0,1627.66,4882.98
06/24/2024,Hand Blender (small),-1.0,,
08-04-2025,Toaster Deluxe,3.0,2165.13,6495.39
04/11/2024,Gas Stove (large),5.0,633.97,3169.85
12/24/2023,Non-stick Tawa (small),3.0,418.14,1254.42
28-09-2024,Non-stick Tawa (small),2.0,1826.57,3653.14
06/28/2023,Gas Stove (large),10.0,356.0,3560.0
2025-04-23,Non-stick Tawa (small),2.0,1399.53,2799.06
05/06/2024,Utensil SetInd. Cooktop,5.0,1126.35,5631.75
01/21/2024,Utensil SetInd. Cooktop,3.0,307.96,923.88
2025-05-08,Pressure Cooker Deluxe,2.0,1898.25,3796.5
02/23/2024,Non-stick Tawa (small),10.0,971.34,9713.4
10/03/2024,Toaster Deluxe,2.0,2116.62,4233.24
10-12-2024,Stainless Steel Kadhai Pro,-1.0,,
2024-12-06,Pressure Cooker Deluxe,1.0,2188.61,2188.61
2024-07-11,Mixer Grinder Pro,5.0,1373.44,6867.2
06/14/2023,Toaster Deluxe,1.0,658.08,658.08
03-01-2024,Mixer Grinder Pro,2.0,2099.38,4198.76
11-02-2024,Gas Stove (large),-1.0,,
11-12-2024,Non-stick Tawa (small),-1.0,,
2023-12-30,Utensil SetInd. Cooktop,3.0,1782.66,5347.98
05/22/2024,Stainless Steel Kadhai Pro,10.0,1862.55,18625.5
2025-02-28,Stainless Steel Kadhai Pro,5.0,1823.77,9118.85
18-05-2024,Hand Blender (small),2.0,1169.73,2339.46
05/17/2025,Hand Blender (small),-1.0,,
30-09-2024,Induction Cooktop Deluxe,1.0,1101.55,1101.55
11/06/2023,Non-stick Tawa (small),5.0,1891.28,9456.4
2023-12-26,Utensil SetInd. Cooktop,-1.0,,
05/29/2025,Utensil SetInd. Cooktop,1.0,2111.52,2111.52
2025-01-21,Utensil SetInd. Cooktop,1.0,581.97,581.97
2024-12-02,Non-stick Tawa (small),1.0,2034.78,2034.78
15-09-2024,Mixer Grinder Pro,-1.0,,
02-12-2024,Electric Kettle,10.0,1784.25,17842.5
02/16/2024,Hand Blender (small),3.0,868.9,2606.7
2023-10-13,Mixer Grinder Pro,1.0,1629.47,1629.47
2023-09-25,Non-stick Tawa (small),2.0,2159.59,4319.18
2024-02-11,Utensil SetInd. Cooktop,2.0,1660.71,3321.42
13-04-2024,Induction Cooktop Deluxe,2.0,948.56,1897.12
12/26/2024,Gas Stove (large),5.0,1245.25,6226.25
08-08-2023,Mixer Grinder Pro,2.0,2326.22,4652.44
06/07/2024,Mixer Grinder Pro,10.0,1554.96,15549.6
2023-09-24,Utensil SetInd. Cooktop,-1.0,,
2025-01-15,Induction Cooktop Deluxe,5.0,898.13,4490.65
20-06-2024,Utensil SetInd. Cooktop,1.0,942.2,942.2
06/06/2023,Non-stick Tawa (small),-1.0,,
14-11-2024,Induction Cooktop Deluxe,2.0,1688.68,3377.36
2024-01-02,Gas Stove (large),2.0,799.53,1599.06
31-05-2025,Toaster Deluxe,2.0,1345.58,2691.16
07/12/2024,Toaster Deluxe,-1.0,,
2024-07-03,Non-stick Tawa (small),1.0,593.56,593.56
30-09-2024,Mixer Grinder Pro,-1.0,,
05/15/2025,Hand Blender (small),-1.0,,
07-09-2023,Hand Blender (small),3.0,2174.79,6524.37
02/21/2025,Toaster Deluxe,2.0,2275.7,4551.4
2025-01-19,Induction Cooktop Deluxe,1.0,1452.51,1452.51
11/27/2023,Utensil SetInd. Cooktop,5.0,511.19,2555.95
2025-01-11,Utensil SetInd. Cooktop,-1.0,,
2023-07-22,Stainless Steel Kadhai Pro,10.0,516.87,5168.7
2024-03-11,Pressure Cooker Deluxe,5.0,1956.58,9782.9
04/18/2025,Mixer Grinder Pro,2.0,2443.6,4887.2
2025-03-22,Toaster Deluxe,2.0,2357.69,4715.38
2023-12-25,Gas Stove (large),1.0,1926.02,1926.02
12/26/2023,Mixer Grinder Pro,3.0,2491.97,7475.91
2023-11-19,Induction Cooktop Deluxe,1.0,1841.18,1841.18
2025-02-23,Gas Stove (large),5.0,2338.22,11691.1
2024-11-29,Toaster Deluxe,5.0,2145.56,10727.8
2025-04-07,Utensil SetInd. Cooktop,10.0,1694.94,16949.4
08/25/2023,Mixer Grinder Pro,-1.0,,
30-03-2024,Utensil SetInd. Cooktop,10.0,331.34,3313.4
2024-08-10,Electric Kettle,-1.0,,
10-03-2025,Induction Cooktop Deluxe,2.0,1732.83,3465.66
08/12/2024,Induction Cooktop Deluxe,5.0,1286.92,6434.6
2025-04-10,Electric Kettle,1.0,1085.67,1085.67
11/30/2024,Gas Stove (large),2.0,378.07,756.14
2024-07-31,Pressure Cooker Deluxe,2.0,2093.9,4187.8
25-08-2024,Toaster Deluxe,3.0,2421.41,7264.23
24-12-2024,Utensil SetInd. Cooktop,2.0,1160.41,2320.82
06/28/2023,Gas Stove (large),2.0,1785.55,3571.1
01/13/2025,Utensil SetInd. Cooktop,1.0,1114.79,1114.79
24-11-2023,Electric Kettle,5.0,658.06,3290.3
06-01-2025,Toaster Deluxe,-1.0,,
05-11-2024,Non-stick Tawa (small),2.0,1540.12,3080.24
12/21/2024,Gas Stove (large),2.0,1270.28,2540.56
06/16/2024,Hand Blender (small),2.0,954.64,1909.28
22-04-2025,Non-stick Tawa (small),1.0,1213.51,1213.51
2023-06-09,Electric Kettle,2.0,2206.79,4413.58
21-01-2025,Electric Kettle,-1.0,,
24-05-2025,Gas Stove (large),1.0,797.13,797.13
2024-07-04,Electric Kettle,3.0,314.66,943.98
20-05-2025,Toaster Deluxe,2.0,2266.09,4532.18
27-11-2024,Gas Stove (large),5.0,2112.62,10563.1
20-11-2023,Non-stick Tawa (small),3.0,725.13,2175.39
07-07-2024,Mixer Grinder Pro,2.0,1381.17,2762.34
07/30/2024,Toaster Deluxe,1.0,521.43,521.43
05/29/2025,Gas Stove (large),2.0,530.34,1060.68
2024-11-25,Hand Blender (small),3.0,1651.28,4953.84
05/08/2025,Mixer Grinder Pro,3.0,1268.64,3805.92
16-01-2025,Utensil SetInd. Cooktop,5.0,1879.99,9399.95
2024-07-20,Electric Kettle,1.0,1819.74,1819.74
03/12/2024,Induction Cooktop Deluxe,-1.0,,
2024-01-06,Stainless Steel Kadhai Pro,1.0,848.64,848.64
2023-06-02,Utensil SetInd. Cooktop,10.0,351.83,3518.3
11/07/2023,Pressure Cooker Deluxe,10.0,883.69,8836.9
05/22/2025,Induction Cooktop Deluxe,-1.0,,
22-10-2023,Gas Stove (large),3.0,2095.45,6286.35
05/18/2024,Hand Blender (small),5.0,1932.65,9663.25
2023-09-05,Hand Blender (small),3.0,1813.18,5439.54
06-04-2024,Gas Stove (large),-1.0,,
10/02/2023,Induction Cooktop Deluxe,-1.0,,
08/17/2024,Non-stick Tawa (small),-1.0,,
2024-11-20,Hand Blender (small),1.0,399.84,399.84
07-03-2025,Electric Kettle,-1.0,,
31-12-2024,Toaster Deluxe,5.0,1957.25,9786.25
2024-07-19,Stainless Steel Kadhai Pro,5.0,1269.84,6349.2
2023-10-25,Mixer Grinder Pro,1.0,463.29,463.29
02/29/2024,Toaster Deluxe,3.0,508.63,1525.89
11/22/2024,Pressure Cooker Deluxe,-1.0,,
2023-08-31,Electric Kettle,-1.0,,
2024-02-19,Induction Cooktop Deluxe,-1.0,,
14-07-2024,Hand Blender (small),1.0,416.44,416.44
04/26/2024,Induction Cooktop Deluxe,2.0,1180.49,2360.98
08/16/2024,Mixer Grinder Pro,-1.0,,
2023-08-29,Mixer Grinder Pro,3.0,860.85,2582.55
2024-03-11,Pressure Cooker Deluxe,3.0,344.25,1032.75
2024-10-06,Utensil SetInd. Cooktop,-1.0,,
07/25/2024,Mixer Grinder Pro,-1.0,,
05/03/2025,Toaster Deluxe,5.0,361.66,1808.3
2024-09-12,Pressure Cooker Deluxe,5.0,439.06,2195.3
2025-05-09,Non-stick Tawa (small),5.0,1837.29,9186.45
25-07-2023,Gas Stove (large),-1.0,,
19-09-2023,Non-stick Tawa (small),3.0,416.06,1248.18
26-01-2025,Toaster Deluxe,10.0,382.36,3823.6
08/05/2024,Utensil SetInd. Cooktop,1.0,865.46,865.46
12/26/2024,Mixer Grinder Pro,1.0,2164.91,2164.91
10/19/2024,Toaster Deluxe,-1.0,,
07-11-2023,Pressure Cooker Deluxe,1.0,628.16,628.16
12/28/2023,Mixer Grinder Pro,1.0,2336.72,2336.72
11-02-2025,Stainless Steel Kadhai Pro,2.0,2127.15,4254.3
2023-06-03,Utensil SetInd. Cooktop,1.0,708.62,708.62
2025-03-14,Hand Blender (small),3.0,2187.72,6563.16
06/26/2023,Pressure Cooker Deluxe,-1.0,,
10/13/2024,Mixer Grinder Pro,10.0,632.83,6328.3
2024-02-23,Hand Blender (small),5.0,1912.43,9562.15
10/07/2024,Electric Kettle,-1.0,,
08-04-2024,Electric Kettle,-1.0,,
10/04/2024,Mixer Grinder Pro,-1.0,,
2024-12-28,Gas Stove (large),5.0,1382.13,6910.65
2024-07-11,Toaster Deluxe,3.0,1221.46,3664.38
26-09-2024,Non-stick Tawa (small),5.0,1279.94,6399.7
2025-03-07,Pressure Cooker Deluxe,3.0,656.65,1969.95
2023-10-03,Utensil SetInd. Cooktop,1.0,586.61,586.61
08/22/2024,Mixer Grinder Pro,-1.0,,
07-11-2024,Induction Cooktop Deluxe,5.0,2234.72,11173.6
07/18/2024,Stainless Steel Kadhai Pro,3.0,326.43,979.29
18-03-2024,Electric Kettle,-1.0,,
12/23/2023,Non-stick Tawa (small),2.0,2232.96,4465.92
10/26/2024,Induction Cooktop Deluxe,5.0,1588.62,7943.1
12-12-2023,Gas Stove (large),10.0,840.83,8408.3
2025-04-14,Stainless Steel Kadhai Pro,3.0,2300.38,6901.14
2023-09-16,Electric Kettle,1.0,593.7,593.7
06/02/2023,Pressure Cooker Deluxe,1.0,889.62,889.62
15-06-2023,Toaster Deluxe,-1.0,,
2023-09-26,Utensil SetInd. Cooktop,3.0,1968.97,5906.91
11/06/2024,Utensil SetInd. Cooktop,-1.0,,
10/20/2023,Electric Kettle,5.0,1003.57,5017.85
2023-12-20,Stainless Steel Kadhai Pro,3.0,1166.84,3500.52
07/13/2024,Utensil SetInd. Cooktop,3.0,668.2,2004.6
2023-10-26,Pressure Cooker Deluxe,3.0,1220.46,3661.38
17-04-2025,Hand Blender (small),3.0,1936.69,5810.07
2023-08-24,Electric Kettle,3.0,771.25,2313.75
08/17/2024,Toaster Deluxe,1.0,1052.05,1052.05
02/13/2024,Toaster Deluxe,3.0,889.08,2667.24
2024-11-14,Non-stick Tawa (small),10.0,489.04,4890.4
2024-02-28,Hand Blender (small),2.0,676.61,1353.22
25-08-2023,Pressure Cooker Deluxe,10.0,1161.65,11616.5
02/14/2024,Non-stick Tawa (small),3.0,2028.76,6086.28
2023-11-19,Non-stick Tawa (small),1.0,1367.26,1367.26
05/17/2025,Mixer Grinder Pro,5.0,2186.79,10933.95
07-08-2023,Hand Blender (small),2.0,1057.75,2115.5
2023-10-05,Toaster Deluxe,5.0,1780.0,8900.0
2024-07-04,Stainless Steel Kadhai Pro,10.0,2210.77,22107.7
01-05-2025,Toaster Deluxe,1.0,1544.03,1544.03
12/12/2023,Pressure Cooker Deluxe,3.0,1208.11,3624.33
2025-04-02,Non-stick Tawa (small),-1.0,,
26-07-2024,Utensil SetInd. Cooktop,-1.0,,
09-10-2023,Gas Stove (large),5.0,2327.87,11639.35
2024-05-16,Pressure Cooker Deluxe,-1.0,,
16-06-2024,Gas Stove (large),3.0,1033.75,3101.25
02/01/2025,Non-stick Tawa (small),-1.0,,
15-01-2025,Gas Stove (large),2.0,1947.31,3894.62
2024-07-06,Toaster Deluxe,2.0,1485.1,2970.2
02/23/2024,Mixer Grinder Pro,1.0,1035.45,1035.45
13-01-2024,Non-stick Tawa (small),5.0,563.98,2819.9
11/30/2023,Toaster Deluxe,3.0,2036.93,6110.79
2024-11-10,Gas Stove (large),1.0,449.95,449.95
11/25/2024,Gas Stove (large),1.0,1401.49,1401.49
03/22/2025,Electric Kettle,-1.0,,
2023-06-05,Utensil SetInd. Cooktop,1.0,1006.89,1006.89
02/26/2024,Stainless Steel Kadhai Pro,-1.0,,
09/19/2024,Non-stick Tawa (small),5.0,1987.05,9935.25
2024-09-11,Pressure Cooker Deluxe,10.0,825.51,8255.1
17-01-2025,Toaster Deluxe,-1.0,,
10/07/2024,Induction Cooktop Deluxe,2.0,2328.68,4657.36
2023-12-04,Utensil SetInd. Cooktop,2.0,1465.5,2931.0
01-01-2024,Gas Stove (large),3.0,1918.05,5754.15
04-04-2025,Gas Stove (large),-1.0,,
26-01-2025,Stainless Steel Kadhai Pro,-1.0,,
2024-02-27,Gas Stove (large),10.0,1188.82,11888.2
2024-12-04,Non-stick Tawa (small),3.0,1142.55,3427.65
2025-05-16,Pressure Cooker Deluxe,5.0,2229.13,11145.65
23-09-2024,Stainless Steel Kadhai Pro,3.0,449.02,1347.06
07-06-2024,Toaster Deluxe,10.0,2152.46,21524.6
12-04-2024,Electric Kettle,-1.0,,
2024-08-31,Induction Cooktop Deluxe,10.0,2421.62,24216.2
2024-03-17,Non-stick Tawa (small),-1.0,,
2024-11-12,Mixer Grinder Pro,3.0,886.81,2660.43
09/06/2023,Pressure Cooker Deluxe,10.0,707.61,7076.1
02/02/2024,Non-stick Tawa (small),3.0,1303.33,3909.99
12-02-2024,Electric Kettle,3.0,2369.8,7109.4
2023-12-04,Non-stick Tawa (small),-1.0,,
2025-01-31,Non-stick Tawa (small),10.0,1543.89,15438.9
02/07/2025,Electric Kettle,3.0,400.55,1201.65
23-04-2024,Pressure Cooker Deluxe,1.0,2137.66,2137.66
26-03-2025,Gas Stove (large),2.0,801.81,1603.62
10/10/2023,Stainless Steel Kadhai Pro,5.0,2192.69,10963.45
08/28/2023,Toaster Deluxe,2.0,842.62,1685.24
03/05/2025,Induction Cooktop Deluxe,3.0,624.46,1873.38
09/06/2024,Utensil SetInd. Cooktop,-1.0,,
2023-11-08,Mixer Grinder Pro,5.0,1864.66,9323.3
13-12-2023,Hand Blender (small),1.0,2297.64,2297.64
28-02-2025,Non-stick Tawa (small),10.0,1933.11,19331.1
02/10/2024,Mixer Grinder Pro,-1.0,,
06-05-2024,Hand Blender (small),10.0,2080.12,20801.2
11/09/2023,Mixer Grinder Pro,1.0,2362.73,2362.73
03/19/2024,Electric Kettle,1.0,928.21,928.21
2024-05-23,Pressure Cooker Deluxe,3.0,1127.88,3383.64
08/18/2023,Stainless Steel Kadhai Pro,-1.0,,
03/12/2025,Toaster Deluxe,1.0,2298.18,2298.18
2024-09-28,Induction Cooktop Deluxe,2.0,1357.94,2715.88
18-12-2024,Hand Blender (small),5.0,625.03,3125.15
09-01-2025,Utensil SetInd. Cooktop,10.0,1515.79,15157.9
2023-09-30,Induction Cooktop Deluxe,5.0,2213.26,11066.3
21-01-2024,Non-stick Tawa (small),3.0,1411.52,4234.56
28-10-2024,Toaster Deluxe,5.0,454.15,2270.75
2023-08-31,Utensil SetInd. Cooktop,3.0,402.41,1207.23
12/22/2023,Toaster Deluxe,10.0,712.32,7123.2
20-03-2025,Mixer Grinder Pro,1.0,1047.52,1047.52
2025-02-12,Gas Stove (large),2.0,2266.86,4533.72
01/07/2025,Mixer Grinder Pro,5.0,1615.71,8078.55
07-02-2024,Gas Stove (large),2.0,997.8,1995.6
05/19/2025,Electric Kettle,-1.0,,
06-07-2023,Non-stick Tawa (small),1.0,1200.25,1200.25
02-02-2025,Gas Stove (large),2.0,1336.86,2673.72
04/10/2025,Mixer Grinder Pro,5.0,1096.45,5482.25
10/17/2024,Electric Kettle,2.0,2498.18,4996.36
15-05-2025,Pressure Cooker Deluxe,5.0,1151.19,5755.95
24-06-2024,Non-stick Tawa (small),-1.0,,
16-01-2025,Pressure Cooker Deluxe,1.0,2287.25,2287.25
01/01/2024,Toaster Deluxe,10.0,1112.16,11121.6
2025-03-25,Pressure Cooker Deluxe,10.0,1576.68,15766.8
11/16/2023,Toaster Deluxe,10.0,749.95,7499.5
07/30/2023,Induction Cooktop Deluxe,3.0,2184.02,6552.06
03/27/2025,Hand Blender (small),-1.0,,
2024-09-29,Gas Stove (large),-1.0,,
05/20/2025,Gas Stove (large),-1.0,,
2024-09-29,Non-stick Tawa (small),10.0,1617.75,16177.5
02-08-2023,Electric Kettle,2.0,2142.19,4284.38
2024-09-11,Toaster Deluxe,-1.0,,
26-10-2023,Induction Cooktop Deluxe,2.0,1928.82,3857.64
15-02-2025,Pressure Cooker Deluxe,1.0,1937.63,1937.63
2025-05-13,Electric Kettle,5.0,1367.86,6839.3
2024-11-04,Stainless Steel Kadhai Pro,3.0,564.66,1693.98
11/23/2023,Mixer Grinder Pro,10.0,2185.41,21854.1
11/11/2024,Pressure Cooker Deluxe,-1.0,,
05-11-2024,Non-stick Tawa (small),-1.0,,
02/11/2024,Non-stick Tawa (small),1.0,1606.08,1606.08
10/04/2024,Pressure Cooker Deluxe,10.0,2140.63,21406.3
04/29/2025,Pressure Cooker Deluxe,2.0,2329.59,4659.18
2024-03-23,Toaster Deluxe,1.0,464.98,464.98
05-10-2023,Induction Cooktop Deluxe,3.0,978.92,2936.76
2024-04-10,Pressure Cooker Deluxe,5.0,1335.13,6675.65
2023-12-28,Gas Stove (large),10.0,1031.38,10313.8
18-09-2023,Toaster Deluxe,3.0,1418.25,4254.75
2024-12-25,Electric Kettle,2.0,1098.73,2197.46
2025-05-04,Non-stick Tawa (small),2.0,301.41,602.82
2025-05-25,Induction Cooktop Deluxe,1.0,2459.19,2459.19
11-11-2023,Non-stick Tawa (small),5.0,1137.16,5685.8
09/28/2024,Toaster Deluxe,-1.0,,
11/07/2024,Toaster Deluxe,2.0,1434.43,2868.86
08/11/2023,Non-stick Tawa (small),1.0,439.6,439.6
08/17/2024,Induction Cooktop Deluxe,-1.0,,
2024-10-11,Stainless Steel Kadhai Pro,-1.0,,
13-10-2024,Electric Kettle,2.0,1102.02,2204.04
03/14/2025,Non-stick Tawa (small),2.0,1564.47,3128.94
01/02/2024,Pressure Cooker Deluxe,1.0,1607.93,1607.93
02/21/2025,Utensil SetInd. Cooktop,1.0,2180.79,2180.79
2023-06-24,Gas Stove (large),2.0,2114.14,4228.28
30-08-2023,Induction Cooktop Deluxe,2.0,1300.09,2600.18
2024-06-07,Non-stick Tawa (small),-1.0,,
2023-08-17,Pressure Cooker Deluxe,1.0,1113.44,1113.44
21-08-2024,Pressure Cooker Deluxe,3.0,1334.17,4002.51
2023-08-23,Non-stick Tawa (small),-1.0,,
03/22/2024,Toaster Deluxe,10.0,957.07,9570.7
06/27/2023,Induction Cooktop Deluxe,3.0,2499.49,7498.47
12-02-2025,Hand Blender (small),-1.0,,
2024-05-18,Electric Kettle,1.0,1805.22,1805.22
01/04/2024,Non-stick Tawa (small),1.0,1353.92,1353.92
07/26/2024,Stainless Steel Kadhai Pro,2.0,1989.44,3978.88
06/15/2024,Hand Blender (small),-1.0,,
2025-05-06,Electric Kettle,1.0,2129.77,2129.77
04/22/2024,Electric Kettle,5.0,1489.86,7449.3
2025-03-24,Induction Cooktop Deluxe,-1.0,,
07/27/2024,Gas Stove (large),1.0,1418.01,1418.01
09/07/2023,Pressure Cooker Deluxe,1.0,2143.37,2143.37
15-10-2024,Mixer Grinder Pro,3.0,1065.11,3195.33
11/22/2023,Non-stick Tawa (small),2.0,2101.15,4202.3
11/06/2024,Non-stick Tawa (small),-1.0,,
2024-11-21,Non-stick Tawa (small),-1.0,,
26-01-2024,Induction Cooktop Deluxe,3.0,1305.23,3915.69
21-02-2025,Stainless Steel Kadhai Pro,1.0,2281.3,2281.3
11/27/2024,Non-stick Tawa (small),5.0,1199.25,5996.25
07-07-2023,Induction Cooktop Deluxe,10.0,1920.1,19201.0
09-03-2024,Non-stick Tawa (small),5.0,1737.85,8689.25
2025-02-17,Electric Kettle,10.0,1989.15,19891.5
2024-03-19,Electric Kettle,5.0,2452.66,12263.3
02/12/2025,Mixer Grinder Pro,5.0,1398.27,6991.35
2024-02-08,Gas Stove (large),3.0,1761.36,5284.08
2023-07-18,Gas Stove (large),1.0,2159.77,2159.77
06/13/2024,Induction Cooktop Deluxe,10.0,1441.37,14413.7
2024-09-23,Electric Kettle,3.0,2407.71,7223.13
10/17/2023,Mixer Grinder Pro,-1.0,,
2024-09-11,Non-stick Tawa (small),10.0,340.02,3400.2
01/24/2025,Pressure Cooker Deluxe,1.0,894.78,894.78
11/11/2024,Gas Stove (large),1.0,1671.66,1671.66
14-04-2024,Hand Blender (small),5.0,2069.86,10349.3
05/11/2024,Utensil SetInd. Cooktop,10.0,1857.92,18579.2
2024-02-11,Non-stick Tawa (small),10.0,1791.59,17915.9
2024-02-23,Mixer Grinder Pro,1.0,904.9,904.9
2023-12-29,Utensil SetInd. Cooktop,1.0,2459.15,2459.15
2023-06-22,Mixer Grinder Pro,10.0,2167.66,21676.6
09/25/2024,Gas Stove (large),5.0,1848.91,9244.55
03/04/2024,Hand Blender (small),3.0,1544.61,4633.83
12/09/2023,Toaster Deluxe,10.0,2235.99,22359.9
2023-12-09,Hand Blender (small),10.0,1545.16,15451.6
2024-03-18,Non-stick Tawa (small),-1.0,,
04/13/2024,Pressure Cooker Deluxe,-1.0,,
02/09/2025,Toaster Deluxe,5.0,304.13,1520.65
05/31/2024,Utensil SetInd. Cooktop,-1.0,,
06/11/2024,Non-stick Tawa (small),-1.0,,
12/18/2023,Utensil SetInd. Cooktop,5.0,928.11,4640.55
2023-07-31,Gas Stove (large),2.0,2127.76,4255.52
08/20/2023,Stainless Steel Kadhai Pro,2.0,1263.68,2527.36
09/16/2023,Electric Kettle,5.0,617.69,3088.45
08-09-2024,Hand Blender (small),3.0,496.54,1489.62
10/29/2024,Induction Cooktop Deluxe,1.0,1412.62,1412.62
2024-12-09,Mixer Grinder Pro,5.0,997.36,4986.8
01/13/2024,Stainless Steel Kadhai Pro,5.0,1214.86,6074.3
13-06-2024,Mixer Grinder Pro,10.0,633.15,6331.5
19-06-2023,Utensil SetInd. Cooktop,1.0,1779.03,1779.03
2023-09-08,Stainless Steel Kadhai Pro,2.0,339.65,679.3
19-02-2025,Utensil SetInd. Cooktop,3.0,1803.92,5411.76
05/14/2024,Pressure Cooker Deluxe,1.0,1479.14,1479.14
2024-12-27,Gas Stove (large),3.0,1261.96,3785.88
2024-10-13,Mixer Grinder Pro,-1.0,,
2023-08-28,Induction Cooktop Deluxe,10.0,1024.47,10244.7
2023-12-19,Hand Blender (small),5.0,1469.73,7348.65
2024-08-16,Utensil SetInd. Cooktop,10.0,1940.62,19406.2
2023-12-24,Stainless Steel Kadhai Pro,5.0,2025.4,10127.0
12/31/2024,Hand Blender (small),-1.0,,
10/27/2023,Toaster Deluxe,3.0,1631.38,4894.14
2023-12-04,Mixer Grinder Pro,3.0,1617.86,4853.58
2024-12-30,Stainless Steel Kadhai Pro,2.0,1118.35,2236.7
22-03-2024,Electric Kettle,-1.0,,
17-04-2025,Hand Blender (small),10.0,360.65,3606.5
01/06/2025,Toaster Deluxe,1.0,1457.8,1457.8
07/16/2023,Mixer Grinder Pro,-1.0,,
2024-07-05,Electric Kettle,3.0,382.03,1146.09
02-11-2023,Gas Stove (large),1.0,1886.91,1886.91
2024-12-18,Non-stick Tawa (small),-1.0,,
2023-07-05,Utensil SetInd. Cooktop,10.0,1324.15,13241.5
12-01-2024,Utensil SetInd. Cooktop,1.0,1586.73,1586.73
28-12-2024,Electric Kettle,3.0,781.27,2343.81
07/26/2024,Hand Blender (small),10.0,1566.44,15664.4
03/08/2024,Stainless Steel Kadhai Pro,-1.0,,
2024-07-20,Pressure Cooker Deluxe,-1.0,,
2023-12-24,Utensil SetInd. Cooktop,5.0,2168.18,10840.9
24-01-2025,Non-stick Tawa (small),-1.0,,
10/03/2024,Induction Cooktop Deluxe,-1.0,,
08-05-2025,Stainless Steel Kadhai Pro,5.0,2190.35,10951.75
02/18/2024,Gas Stove (large),3.0,1327.98,3983.94
01-08-2023,Non-stick Tawa (small),3.0,2212.66,6637.98
2024-06-22,Utensil SetInd. Cooktop,1.0,1919.84,1919.84
06/01/2023,Utensil SetInd. Cooktop,3.0,452.38,1357.14
07-11-2024,Induction Cooktop Deluxe,-1.0,,
30-03-2024,Stainless Steel Kadhai Pro,2.0,311.86,623.72
07/21/2024,Induction Cooktop Deluxe,-1.0,,
05/20/2025,Non-stick Tawa (small),-1.0,,
2025-04-03,Non-stick Tawa (small),2.0,1085.68,2171.36
12/23/2024,Hand Blender (small),-1.0,,
2024-09-24,Mixer Grinder Pro,1.0,1224.05,1224.05
16-07-2024,Mixer Grinder Pro,2.0,727.19,1454.38
31-12-2024,Stainless Steel Kadhai Pro,3.0,2167.89,6503.67
12/17/2024,Toaster Deluxe,10.0,1521.86,15218.6
15-08-2023,Hand Blender (small),3.0,1094.61,3283.83
2024-01-03,Non-stick Tawa (small),5.0,1037.01,5185.05
01/29/2025,Electric Kettle,1.0,763.86,763.86
2024-01-03,Hand Blender (small),3.0,755.0,2265.0
09/06/2023,Induction Cooktop Deluxe,5.0,2192.89,10964.45
03-04-2025,Hand Blender (small),1.0,2091.09,2091.09
11/30/2023,Electric Kettle,-1.0,,
2023-09-23,Hand Blender (small),3.0,957.13,2871.39
2023-11-19,Toaster Deluxe,1.0,1882.8,1882.8
2023-11-03,Mixer Grinder Pro,2.0,376.62,753.24
2024-07-06,Electric Kettle,10.0,1181.19,11811.9
03/28/2024,Utensil SetInd. Cooktop,2.0,570.86,1141.72
25-12-2024,Pressure Cooker Deluxe,10.0,1226.13,12261.3
04/26/2025,Stainless Steel Kadhai Pro,3.0,2159.14,6477.42
29-03-2024,Utensil SetInd. Cooktop,3.0,1558.6,4675.8
12/14/2024,Utensil SetInd. Cooktop,2.0,747.25,1494.5
2024-01-02,Induction Cooktop Deluxe,3.0,1393.82,4181.46
08-02-2025,Induction Cooktop Deluxe,5.0,2074.07,10370.35
06-07-2023,Stainless Steel Kadhai Pro,-1.0,,
02/13/2024,Electric Kettle,2.0,750.24,1500.48
08/28/2023,Pressure Cooker Deluxe,-1.0,,
02-12-2023,Stainless Steel Kadhai Pro,10.0,1878.24,18782.4
2024-07-26,Electric Kettle,10.0,952.53,9525.3
23-02-2024,Induction Cooktop Deluxe,1.0,480.93,480.93
2025-01-27,Utensil SetInd. Cooktop,10.0,2383.94,23839.4
2023-07-25,Electric Kettle,-1.0,,
2023-10-25,Stainless Steel Kadhai Pro,2.0,781.15,1562.3
11/19/2023,Electric Kettle,10.0,1903.04,19030.4
2023-11-19,Stainless Steel Kadhai Pro,3.0,1678.58,5035.74
2024-07-28,Toaster Deluxe,-1.0,,
28-12-2023,Non-stick Tawa (small),10.0,1035.52,10355.2
03-06-2023,Hand Blender (small),3.0,2238.88,6716.64
2023-08-02,Gas Stove (large),1.0,2442.76,2442.76
2025-05-02,Toaster Deluxe,2.0,1879.54,3759.08
04-08-2024,Gas Stove (large),2.0,1233.43,2466.86
2024-04-04,Pressure Cooker Deluxe,-1.0,,
2025-02-08,Toaster Deluxe,2.0,2268.74,4537.48
09-09-2024,Electric Kettle,10.0,1713.86,17138.6
2024-05-29,Stainless Steel Kadhai Pro,2.0,462.06,924.12
12/03/2024,Pressure Cooker Deluxe,2.0,1216.28,2432.56
04/08/2025,Hand Blender (small),3.0,2175.06,6525.18
2023-06-22,Pressure Cooker Deluxe,2.0,2044.44,4088.88
08/05/2024,Non-stick Tawa (small),5.0,1472.04,7360.2
2025-04-20,Stainless Steel Kadhai Pro,5.0,1742.32,8711.6
26-10-2024,Non-stick Tawa (small),10.0,872.22,8722.2
08/02/2024,Toaster Deluxe,5.0,841.0,4205.0
29-11-2024,Non-stick Tawa (small),5.0,319.58,1597.9
21-01-2024,Electric Kettle,5.0,1815.27,9076.35
2025-05-20,Induction Cooktop Deluxe,-1.0,,
28-12-2023,Gas Stove (large),-1.0,,
,,,,
